IdProdukt_RodzajProdukt;IdCN;NazwaProdukt_RodzajProdukt_CN;IdStatus;Status;DataDodania;DodanyPrzez;DataModyfikacji;ZmodyfikowanyPrzez;DataUsuniecia;UsunietyPrzez
01.11.11.0_101;1001 19 00;Pszenica durum na ziarno;D;Dodany;2025-04-08 00:11:50;Darek Osuch;;;;
01.11.11.0_111;1001 11 00;Pszenica durum na nasiona/sadzonki;D;Dodany;2025-04-08 00:11:50;Darek Osuch;;;;
01.11.20.0_101;1005 90 00;Kukurydza (z wyłączeniem kukurydzy cukrowej i pastewnej) na ziarno;D;Dodany;2025-04-08 00:11:50;Darek Osuch;;;;
01.11.31.0_109;1003 90 00;Jęczmień na siano;D;Dodany;2025-04-08 00:11:50;Darek Osuch;;;;
01.11.50.0_113;1213 00 00;słoma i plewy zbóż na łuski/plewy;D;Dodany;2025-04-08 00:11:50;Darek Osuch;;;;
01.11.50.0_107;1213 00 00;słoma i plewy zbóż na liście;D;Dodany;2025-04-08 00:11:50;Darek Osuch;;;;
01.11.33.0_105;1004 90 00;Owies na kłącza;D;Dodany;2025-04-08 00:11:50;Darek Osuch;;;;
01.11.41.0_102;1007 90 00;Sorgo na owoce;D;Dodany;2025-04-08 00:11:50;Darek Osuch;;;;
01.11.50.0_110;1213 00 00;słoma i plewy zbóż na słomę;D;Dodany;2025-04-08 00:11:50;Darek Osuch;;;;
01.11.49.0_107;1008 10 00;Pozostałe zboża na liście;D;Dodany;2025-04-08 00:11:50;Darek Osuch;;;;
01.11.49.0_107;1008 30 00;Pozostałe zboża na liście;D;Dodany;2025-04-08 00:11:50;Darek Osuch;;;;
01.11.49.0_107;1008 40 00;Pozostałe zboża na liście;D;Dodany;2025-04-08 00:11:50;Darek Osuch;;;;
01.11.49.0_107;1008 50 00;Pozostałe zboża na liście;D;Dodany;2025-04-08 00:11:50;Darek Osuch;;;;
01.11.49.0_107;1008 90 00;Pozostałe zboża na liście;D;Dodany;2025-04-08 00:11:50;Darek Osuch;;;;
01.11.50.0_109;1213 00 00;Słoma i plewy zbóż na siano;D;Dodany;2025-04-08 00:11:50;Darek Osuch;;;;
01.11.61.0_114;0708 20 00;"Fasola na kwiaty";D;Dodany;2025-04-08 00:11:50;Darek Osuch;;;;
01.11.62.0_108;0708 10 00;Groch na zielonkę;D;Dodany;2025-04-08 00:11:50;Darek Osuch;;;;
01.11.69.0_102;0708 90 00;Pozostałe warzywa strączkowe, świeże lub schłodzone na owoce;D;Dodany;2025-04-08 00:11:50;Darek Osuch;;;;
01.11.69.0_109;0708 90 00;Pozostałe warzywa strączkowe, świeże lub schłodzone na siano;D;Dodany;2025-04-08 00:11:50;Darek Osuch;;;;
01.11.71.0_111;0713 31 00;"Fasola, suszona na nasiona/sadzonki";D;Dodany;2025-04-08 00:11:50;Darek Osuch;;;;
01.11.71.0_111;0713 32 00;"Fasola, suszona na nasiona/sadzonki";D;Dodany;2025-04-08 00:11:50;Darek Osuch;;;;
01.11.71.0_111;0713 33 10;"Fasola, suszona na nasiona/sadzonki";D;Dodany;2025-04-08 00:11:50;Darek Osuch;;;;
01.11.71.0_111;0713 33 90;"Fasola, suszona na nasiona/sadzonki";D;Dodany;2025-04-08 00:11:50;Darek Osuch;;;;
01.11.71.0_111;0713 34 00;"Fasola, suszona na nasiona/sadzonki";D;Dodany;2025-04-08 00:11:50;Darek Osuch;;;;
01.11.71.0_111;0713 39 00;"Fasola, suszona na nasiona/sadzonki";D;Dodany;2025-04-08 00:11:50;Darek Osuch;;;;
01.11.71.0_104;0713 31 00;"Fasola, suszona na korzenie";D;Dodany;2025-04-08 00:11:50;Darek Osuch;;;;
01.11.71.0_104;0713 32 00;"Fasola, suszona na korzenie";D;Dodany;2025-04-08 00:11:50;Darek Osuch;;;;
01.11.71.0_104;0713 33 10;"Fasola, suszona na korzenie";D;Dodany;2025-04-08 00:11:50;Darek Osuch;;;;
01.11.71.0_104;0713 33 90;"Fasola, suszona na korzenie";D;Dodany;2025-04-08 00:11:50;Darek Osuch;;;;
01.11.71.0_104;0713 34 00;"Fasola, suszona na korzenie";D;Dodany;2025-04-08 00:11:50;Darek Osuch;;;;
01.11.71.0_104;0713 39 00;"Fasola, suszona na korzenie";D;Dodany;2025-04-08 00:11:50;Darek Osuch;;;;
01.11.50.0_112;1213 00 00;słoma i plewy zbóż na nawóz zielony;D;Dodany;2025-04-08 00:11:50;Darek Osuch;;;;
01.11.73.0_115;0713 20 00;Ciecierzyca (cieciorka), suszona na strąki;D;Dodany;2025-04-08 00:11:50;Darek Osuch;;;;
01.11.75.0_101;0713 10 10;Groch, suszony na ziarno;D;Dodany;2025-04-08 00:11:50;Darek Osuch;;;;
01.11.75.0_101;0713 10 90;Groch, suszony na ziarno;D;Dodany;2025-04-08 00:11:50;Darek Osuch;;;;
01.11.76.0_104;0713 35 00;"Fasolnik chiński, suszony na korzenie";D;Dodany;2025-04-08 00:11:50;Darek Osuch;;;;
01.11.77.0_103;0713 60 00;Nikla indyjska, suszona na bulwy;D;Dodany;2025-04-08 00:11:50;Darek Osuch;;;;
01.11.77.0_105;0713 60 00;Nikla indyjska, suszona na kłącza;D;Dodany;2025-04-08 00:11:50;Darek Osuch;;;;
01.11.79.0_112;0713 90 00;Warzywa strączkowe suszone, gdzie indziej niesklasyfikowane na nawóz zielony;D;Dodany;2025-04-08 00:11:50;Darek Osuch;;;;
01.11.82.0_102;1202 41 00;Orzeszki ziemne w łupinach na owoce;D;Dodany;2025-04-08 00:11:50;Darek Osuch;;;;
01.11.99.0_106;1207 10 00;Pozostałe nasiona oleiste, gdzie indziej niesklasyfikowane na łodygi/włókna;D;Dodany;2025-04-08 00:11:50;Darek Osuch;;;;
01.11.99.0_106;1207 99 91;Pozostałe nasiona oleiste, gdzie indziej niesklasyfikowane na łodygi/włókna;D;Dodany;2025-04-08 00:11:50;Darek Osuch;;;;
01.11.99.0_106;1207 99 96;Pozostałe nasiona oleiste, gdzie indziej niesklasyfikowane na łodygi/włókna;D;Dodany;2025-04-08 00:11:50;Darek Osuch;;;;
01.12.10.0_111;1006 10 10;RYŻ NIEŁUSKANY na nasiona/sadzonki;D;Dodany;2025-04-08 00:11:50;Darek Osuch;;;;
01.12.10.0_111;1006 10 30;RYŻ NIEŁUSKANY na nasiona/sadzonki;D;Dodany;2025-04-08 00:11:50;Darek Osuch;;;;
01.12.10.0_111;1006 10 50;RYŻ NIEŁUSKANY na nasiona/sadzonki;D;Dodany;2025-04-08 00:11:50;Darek Osuch;;;;
01.12.10.0_111;1006 10 71;RYŻ NIEŁUSKANY na nasiona/sadzonki;D;Dodany;2025-04-08 00:11:50;Darek Osuch;;;;
01.12.10.0_111;1006 10 79;RYŻ NIEŁUSKANY na nasiona/sadzonki;D;Dodany;2025-04-08 00:11:50;Darek Osuch;;;;
01.12.10.0_111;1006 10 90;RYŻ NIEŁUSKANY na nasiona/sadzonki;D;Dodany;2025-04-08 00:11:50;Darek Osuch;;;;
01.12.10.0_106;1006 10 10;RYŻ NIEŁUSKANY na łodygi/włókna;D;Dodany;2025-04-08 00:11:50;Darek Osuch;;;;
01.12.10.0_106;1006 10 30;RYŻ NIEŁUSKANY na łodygi/włókna;D;Dodany;2025-04-08 00:11:50;Darek Osuch;;;;
01.12.10.0_106;1006 10 50;RYŻ NIEŁUSKANY na łodygi/włókna;D;Dodany;2025-04-08 00:11:50;Darek Osuch;;;;
01.12.10.0_106;1006 10 71;RYŻ NIEŁUSKANY na łodygi/włókna;D;Dodany;2025-04-08 00:11:50;Darek Osuch;;;;
01.12.10.0_106;1006 10 79;RYŻ NIEŁUSKANY na łodygi/włókna;D;Dodany;2025-04-08 00:11:50;Darek Osuch;;;;
01.12.10.0_106;1006 10 90;RYŻ NIEŁUSKANY na łodygi/włókna;D;Dodany;2025-04-08 00:11:50;Darek Osuch;;;;
01.11.50.0_106;1213 00 00;słoma i plewy zbóż na łodygi/włókna;D;Dodany;2025-04-08 00:11:50;Darek Osuch;;;;
01.13.13.0_101;0704 10 10;Kalafiory i brokuły na ziarno;D;Dodany;2025-04-08 00:11:50;Darek Osuch;;;;
01.13.13.0_101;0704 10 90;Kalafiory i brokuły na ziarno;D;Dodany;2025-04-08 00:11:50;Darek Osuch;;;;
01.13.13.0_106;0704 10 10;Kalafiory i brokuły na łodygi/włókna;D;Dodany;2025-04-08 00:11:50;Darek Osuch;;;;
01.13.13.0_106;0704 10 90;Kalafiory i brokuły na łodygi/włókna;D;Dodany;2025-04-08 00:11:50;Darek Osuch;;;;
01.13.14.0_101;0705 11 00;Sałata na ziarno;D;Dodany;2025-04-08 00:11:50;Darek Osuch;;;;
01.13.14.0_101;0705 19 00;Sałata na ziarno;D;Dodany;2025-04-08 00:11:50;Darek Osuch;;;;
01.13.15.0_111;0705 21 00;Cykoria na nasiona/sadzonki;D;Dodany;2025-04-08 00:11:50;Darek Osuch;;;;
01.13.15.0_111;0705 29 00;Cykoria na nasiona/sadzonki;D;Dodany;2025-04-08 00:11:50;Darek Osuch;;;;
01.13.15.0_107;0705 21 00;Cykoria na liście;D;Dodany;2025-04-08 00:11:50;Darek Osuch;;;;
01.13.15.0_107;0705 29 00;Cykoria na liście;D;Dodany;2025-04-08 00:11:50;Darek Osuch;;;;
01.13.16.0_103;0709 70 00;Szpinak na bulwy;D;Dodany;2025-04-08 00:11:50;Darek Osuch;;;;
01.13.16.0_108;0709 70 00;Szpinak na zielonkę;D;Dodany;2025-04-08 00:11:50;Darek Osuch;;;;
01.13.17.0_111;0709 91 00;Karczochy na nasiona/sadzonki;D;Dodany;2025-04-08 00:11:50;Darek Osuch;;;;
01.13.19.0_106;0709 99 10;Pozostałe warzywa liściowe i łodygowe na łodygi/włókna;D;Dodany;2025-04-08 00:11:50;Darek Osuch;;;;
01.13.19.0_106;0709 99 20;Pozostałe warzywa liściowe i łodygowe na łodygi/włókna;D;Dodany;2025-04-08 00:11:50;Darek Osuch;;;;
01.13.19.0_106;0709 99 50;Pozostałe warzywa liściowe i łodygowe na łodygi/włókna;D;Dodany;2025-04-08 00:11:50;Darek Osuch;;;;
01.13.19.0_106;0709 99 90;Pozostałe warzywa liściowe i łodygowe na łodygi/włókna;D;Dodany;2025-04-08 00:11:50;Darek Osuch;;;;
01.13.19.0_107;0709 99 10;Pozostałe warzywa liściowe i łodygowe na liście;D;Dodany;2025-04-08 00:11:50;Darek Osuch;;;;
01.13.19.0_107;0709 99 20;Pozostałe warzywa liściowe i łodygowe na liście;D;Dodany;2025-04-08 00:11:50;Darek Osuch;;;;
01.13.19.0_107;0709 99 50;Pozostałe warzywa liściowe i łodygowe na liście;D;Dodany;2025-04-08 00:11:50;Darek Osuch;;;;
01.13.19.0_107;0709 99 90;Pozostałe warzywa liściowe i łodygowe na liście;D;Dodany;2025-04-08 00:11:50;Darek Osuch;;;;
01.13.21.0_102;0807 11 00;Arbuzy na owoce;D;Dodany;2025-04-08 00:11:50;Darek Osuch;;;;
01.13.29.0_102;0807 19 00;Melony na owoce;D;Dodany;2025-04-08 00:11:50;Darek Osuch;;;;
01.13.31.0_106;0709 60 10;Papryka i inne warzywa owocowe (wyłącznie z rodzaju Capsicum) na łodygi/włókna;D;Dodany;2025-04-08 00:11:50;Darek Osuch;;;;
01.13.31.0_106;0709 60 91;Papryka i inne warzywa owocowe (wyłącznie z rodzaju Capsicum) na łodygi/włókna;D;Dodany;2025-04-08 00:11:50;Darek Osuch;;;;
01.13.31.0_106;0709 60 95;Papryka i inne warzywa owocowe (wyłącznie z rodzaju Capsicum) na łodygi/włókna;D;Dodany;2025-04-08 00:11:50;Darek Osuch;;;;
01.13.31.0_106;0709 60 99;Papryka i inne warzywa owocowe (wyłącznie z rodzaju Capsicum) na łodygi/włókna;D;Dodany;2025-04-08 00:11:50;Darek Osuch;;;;
01.13.32.0_107;0707 00 05;Ogórki i korniszony na liście;D;Dodany;2025-04-08 00:11:50;Darek Osuch;;;;
01.13.32.0_107;0707 00 90;Ogórki i korniszony na liście;D;Dodany;2025-04-08 00:11:50;Darek Osuch;;;;
01.13.33.0_112;0709 30 00;Bakłażany (oberżyny) na nawóz zielony;D;Dodany;2025-04-08 00:11:50;Darek Osuch;;;;
01.13.34.0_103;0702 00 00;Pomidory na bulwy;D;Dodany;2025-04-08 00:11:50;Darek Osuch;;;;
01.13.39.0_107;0709 60 95;Pozostałe, świeże lub schłodzone warzywa owocowe, gdzie indziej niesklasyfikowane na liście;D;Dodany;2025-04-08 00:11:50;Darek Osuch;;;;
01.13.39.0_107;0709 60 99;Pozostałe, świeże lub schłodzone warzywa owocowe, gdzie indziej niesklasyfikowane na liście;D;Dodany;2025-04-08 00:11:50;Darek Osuch;;;;
01.13.39.0_107;0709 93 10;Pozostałe, świeże lub schłodzone warzywa owocowe, gdzie indziej niesklasyfikowane na liście;D;Dodany;2025-04-08 00:11:50;Darek Osuch;;;;
01.13.39.0_107;0709 93 90;Pozostałe, świeże lub schłodzone warzywa owocowe, gdzie indziej niesklasyfikowane na liście;D;Dodany;2025-04-08 00:11:50;Darek Osuch;;;;
01.13.39.0_107;0709 99 40;Pozostałe, świeże lub schłodzone warzywa owocowe, gdzie indziej niesklasyfikowane na liście;D;Dodany;2025-04-08 00:11:50;Darek Osuch;;;;
01.13.39.0_107;0709 99 60;Pozostałe, świeże lub schłodzone warzywa owocowe, gdzie indziej niesklasyfikowane na liście;D;Dodany;2025-04-08 00:11:50;Darek Osuch;;;;
01.13.39.0_107;0709 99 90;Pozostałe, świeże lub schłodzone warzywa owocowe, gdzie indziej niesklasyfikowane na liście;D;Dodany;2025-04-08 00:11:50;Darek Osuch;;;;
01.13.43.0_101;0703 10 11;Cebula na ziarno;D;Dodany;2025-04-08 00:11:50;Darek Osuch;;;;
01.13.43.0_101;0703 10 19;Cebula na ziarno;D;Dodany;2025-04-08 00:11:50;Darek Osuch;;;;
01.13.43.0_101;0703 10 90;Cebula na ziarno;D;Dodany;2025-04-08 00:11:50;Darek Osuch;;;;
01.13.44.0_114;0703 90 00;Pory i pozostałe warzywa z rodziny czosnkowatych na kwiaty;D;Dodany;2025-04-08 00:11:50;Darek Osuch;;;;
01.13.44.0_111;0703 90 00;Pory i pozostałe warzywa z rodziny czosnkowatych na nasiona/sadzonki;D;Dodany;2025-04-08 00:11:50;Darek Osuch;;;;
01.13.49.0_115;0706 90 10;Pozostałe, świeże lub schłodzone warzywa korzeniowe, cebulowe i bulwiaste, z wyłączeniem warzyw o dużej zawartości skrobi i inuliny na strąki;D;Dodany;2025-04-08 00:11:50;Darek Osuch;;;;
01.13.49.0_115;0706 90 30;Pozostałe, świeże lub schłodzone warzywa korzeniowe, cebulowe i bulwiaste, z wyłączeniem warzyw o dużej zawartości skrobi i inuliny na strąki;D;Dodany;2025-04-08 00:11:50;Darek Osuch;;;;
01.13.49.0_115;0706 90 90;Pozostałe, świeże lub schłodzone warzywa korzeniowe, cebulowe i bulwiaste, z wyłączeniem warzyw o dużej zawartości skrobi i inuliny na strąki;D;Dodany;2025-04-08 00:11:50;Darek Osuch;;;;
01.13.49.0_106;0706 90 10;Pozostałe, świeże lub schłodzone warzywa korzeniowe, cebulowe i bulwiaste, z wyłączeniem warzyw o dużej zawartości skrobi i inuliny na łodygi/włókna;D;Dodany;2025-04-08 00:11:50;Darek Osuch;;;;
01.13.49.0_106;0706 90 30;Pozostałe, świeże lub schłodzone warzywa korzeniowe, cebulowe i bulwiaste, z wyłączeniem warzyw o dużej zawartości skrobi i inuliny na łodygi/włókna;D;Dodany;2025-04-08 00:11:50;Darek Osuch;;;;
01.13.49.0_106;0706 90 90;Pozostałe, świeże lub schłodzone warzywa korzeniowe, cebulowe i bulwiaste, z wyłączeniem warzyw o dużej zawartości skrobi i inuliny na łodygi/włókna;D;Dodany;2025-04-08 00:11:50;Darek Osuch;;;;
01.13.51.0_111;0701 10 00;Ziemniaki na nasiona/sadzonki;D;Dodany;2025-04-08 00:11:50;Darek Osuch;;;;
01.13.51.0_111;0701 90 10;Ziemniaki na nasiona/sadzonki;D;Dodany;2025-04-08 00:11:50;Darek Osuch;;;;
01.13.51.0_111;0701 90 50;Ziemniaki na nasiona/sadzonki;D;Dodany;2025-04-08 00:11:50;Darek Osuch;;;;
01.13.51.0_111;0701 90 90;Ziemniaki na nasiona/sadzonki;D;Dodany;2025-04-08 00:11:50;Darek Osuch;;;;
01.11.50.0_105;1213 00 00;słoma i plewy zbóż na kłącza;D;Dodany;2025-04-08 00:11:50;Darek Osuch;;;;
01.13.53.0_109;0714 10 00;Maniok (cassava) na siano;D;Dodany;2025-04-08 00:11:50;Darek Osuch;;;;
01.13.53.0_106;0714 10 00;Maniok (cassava) na łodygi/włókna;D;Dodany;2025-04-08 00:11:50;Darek Osuch;;;;
01.13.54.0_112;0714 40 00;Kolokazja jadalna (taro) na nawóz zielony;D;Dodany;2025-04-08 00:11:50;Darek Osuch;;;;
01.13.54.0_101;0714 40 00;Kolokazja jadalna (taro) na ziarno;D;Dodany;2025-04-08 00:11:50;Darek Osuch;;;;
01.13.59.0_115;0714 30 00;Pozostałe jadalne korzenie i bulwy o dużej zawartości skrobi i inuliny na strąki;D;Dodany;2025-04-08 00:11:50;Darek Osuch;;;;
01.13.59.0_115;0714 50 00;Pozostałe jadalne korzenie i bulwy o dużej zawartości skrobi i inuliny na strąki;D;Dodany;2025-04-08 00:11:50;Darek Osuch;;;;
01.13.59.0_115;0714 90 20;Pozostałe jadalne korzenie i bulwy o dużej zawartości skrobi i inuliny na strąki;D;Dodany;2025-04-08 00:11:50;Darek Osuch;;;;
01.13.59.0_115;0714 90 90;Pozostałe jadalne korzenie i bulwy o dużej zawartości skrobi i inuliny na strąki;D;Dodany;2025-04-08 00:11:50;Darek Osuch;;;;
01.13.60.0_103;1209 91 80;Nasiona warzyw, z wyłączeniem nasion buraków cukrowych na bulwy;D;Dodany;2025-04-08 00:11:50;Darek Osuch;;;;
01.13.71.0_102;1212 91 20;Buraki cukrowe na owoce;D;Dodany;2025-04-08 00:11:50;Darek Osuch;;;;
01.13.71.0_102;1212 91 80;Buraki cukrowe na owoce;D;Dodany;2025-04-08 00:11:50;Darek Osuch;;;;
01.13.71.0_111;1212 91 20;Buraki cukrowe na nasiona/sadzonki;D;Dodany;2025-04-08 00:11:50;Darek Osuch;;;;
01.13.71.0_111;1212 91 80;Buraki cukrowe na nasiona/sadzonki;D;Dodany;2025-04-08 00:11:50;Darek Osuch;;;;
01.13.72.0_111;1209 10 00;Nasiona buraków cukrowych na nasiona/sadzonki;D;Dodany;2025-04-08 00:11:50;Darek Osuch;;;;
01.13.80.0_102;0709 51 00;GRZYBY I TRUFLE na owoce;D;Dodany;2025-04-08 00:11:50;Darek Osuch;;;;
01.13.80.0_102;0709 52 00;GRZYBY I TRUFLE na owoce;D;Dodany;2025-04-08 00:11:50;Darek Osuch;;;;
01.13.80.0_102;0709 53 00;GRZYBY I TRUFLE na owoce;D;Dodany;2025-04-08 00:11:50;Darek Osuch;;;;
01.13.80.0_102;0709 54 00;GRZYBY I TRUFLE na owoce;D;Dodany;2025-04-08 00:11:50;Darek Osuch;;;;
01.13.80.0_102;0709 55 00;GRZYBY I TRUFLE na owoce;D;Dodany;2025-04-08 00:11:50;Darek Osuch;;;;
01.13.80.0_102;0709 56 00;GRZYBY I TRUFLE na owoce;D;Dodany;2025-04-08 00:11:50;Darek Osuch;;;;
01.13.80.0_102;0709 59 00;GRZYBY I TRUFLE na owoce;D;Dodany;2025-04-08 00:11:50;Darek Osuch;;;;
01.13.80.0_104;0709 51 00;GRZYBY I TRUFLE na korzenie;D;Dodany;2025-04-08 00:11:50;Darek Osuch;;;;
01.13.80.0_104;0709 52 00;GRZYBY I TRUFLE na korzenie;D;Dodany;2025-04-08 00:11:50;Darek Osuch;;;;
01.13.80.0_104;0709 53 00;GRZYBY I TRUFLE na korzenie;D;Dodany;2025-04-08 00:11:50;Darek Osuch;;;;
01.13.80.0_104;0709 54 00;GRZYBY I TRUFLE na korzenie;D;Dodany;2025-04-08 00:11:50;Darek Osuch;;;;
01.13.80.0_104;0709 55 00;GRZYBY I TRUFLE na korzenie;D;Dodany;2025-04-08 00:11:50;Darek Osuch;;;;
01.13.80.0_104;0709 56 00;GRZYBY I TRUFLE na korzenie;D;Dodany;2025-04-08 00:11:50;Darek Osuch;;;;
01.13.80.0_104;0709 59 00;GRZYBY I TRUFLE na korzenie;D;Dodany;2025-04-08 00:11:50;Darek Osuch;;;;
01.13.90.0_105;0708 20 00;WARZYWA ŚWIEŻE, GDZIE INDZIEJ NIESKLASYFIKOWANE na kłącza;D;Dodany;2025-04-08 00:11:50;Darek Osuch;;;;
01.13.90.0_105;0709 40 00;WARZYWA ŚWIEŻE, GDZIE INDZIEJ NIESKLASYFIKOWANE na kłącza;D;Dodany;2025-04-08 00:11:50;Darek Osuch;;;;
01.13.90.0_105;0709 99 90;WARZYWA ŚWIEŻE, GDZIE INDZIEJ NIESKLASYFIKOWANE na kłącza;D;Dodany;2025-04-08 00:11:50;Darek Osuch;;;;
01.13.90.0_105;1214 90 90;WARZYWA ŚWIEŻE, GDZIE INDZIEJ NIESKLASYFIKOWANE na kłącza;D;Dodany;2025-04-08 00:11:50;Darek Osuch;;;;
01.13.90.0_101;0708 20 00;WARZYWA ŚWIEŻE, GDZIE INDZIEJ NIESKLASYFIKOWANE na ziarno;D;Dodany;2025-04-08 00:11:50;Darek Osuch;;;;
01.13.90.0_101;0709 40 00;WARZYWA ŚWIEŻE, GDZIE INDZIEJ NIESKLASYFIKOWANE na ziarno;D;Dodany;2025-04-08 00:11:50;Darek Osuch;;;;
01.13.90.0_101;0709 99 90;WARZYWA ŚWIEŻE, GDZIE INDZIEJ NIESKLASYFIKOWANE na ziarno;D;Dodany;2025-04-08 00:11:50;Darek Osuch;;;;
01.13.90.0_101;1214 90 90;WARZYWA ŚWIEŻE, GDZIE INDZIEJ NIESKLASYFIKOWANE na ziarno;D;Dodany;2025-04-08 00:11:50;Darek Osuch;;;;
01.16.11.0_104;1207 29 00;Bawełna niezgrzeblona i nieczesana na korzenie;D;Dodany;2025-04-08 00:11:50;Darek Osuch;;;;
01.16.11.0_104;5201 00 10;Bawełna niezgrzeblona i nieczesana na korzenie;D;Dodany;2025-04-08 00:11:50;Darek Osuch;;;;
01.16.11.0_104;5201 00 90;Bawełna niezgrzeblona i nieczesana na korzenie;D;Dodany;2025-04-08 00:11:50;Darek Osuch;;;;
01.16.11.0_103;1207 29 00;Bawełna niezgrzeblona i nieczesana na bulwy;D;Dodany;2025-04-08 00:11:50;Darek Osuch;;;;
01.16.11.0_103;5201 00 10;Bawełna niezgrzeblona i nieczesana na bulwy;D;Dodany;2025-04-08 00:11:50;Darek Osuch;;;;
01.16.11.0_103;5201 00 90;Bawełna niezgrzeblona i nieczesana na bulwy;D;Dodany;2025-04-08 00:11:50;Darek Osuch;;;;
01.16.12.0_114;5303 10 00;Juta, kenaf i pozostałe włókna tekstylne łykowe, surowe lub roszone, z wyłączeniem lnu, konopi i ramii na kwiaty;D;Dodany;2025-04-08 00:11:50;Darek Osuch;;;;
01.16.12.0_101;5303 10 00;Juta, kenaf i pozostałe włókna tekstylne łykowe, surowe lub roszone, z wyłączeniem lnu, konopi i ramii na ziarno;D;Dodany;2025-04-08 00:11:50;Darek Osuch;;;;
01.16.19.0_108;5301 10 00;Len, konopie oraz pozostałe surowe rośliny włókniste, gdzie indziej niesklasyfikowane na zielonkę;D;Dodany;2025-04-08 00:11:50;Darek Osuch;;;;
01.16.19.0_108;5302 10 00;Len, konopie oraz pozostałe surowe rośliny włókniste, gdzie indziej niesklasyfikowane na zielonkę;D;Dodany;2025-04-08 00:11:50;Darek Osuch;;;;
01.16.19.0_108;5305 00 00;Len, konopie oraz pozostałe surowe rośliny włókniste, gdzie indziej niesklasyfikowane na zielonkę;D;Dodany;2025-04-08 00:11:50;Darek Osuch;;;;
01.16.19.0_112;5301 10 00;Len, konopie oraz pozostałe surowe rośliny włókniste, gdzie indziej niesklasyfikowane na nawóz zielony;D;Dodany;2025-04-08 00:11:50;Darek Osuch;;;;
01.16.19.0_112;5302 10 00;Len, konopie oraz pozostałe surowe rośliny włókniste, gdzie indziej niesklasyfikowane na nawóz zielony;D;Dodany;2025-04-08 00:11:50;Darek Osuch;;;;
01.16.19.0_112;5305 00 00;Len, konopie oraz pozostałe surowe rośliny włókniste, gdzie indziej niesklasyfikowane na nawóz zielony;D;Dodany;2025-04-08 00:11:50;Darek Osuch;;;;
01.19.21.0_106;0603 11 00;Kwiaty cięte i pąki kwiatowe na łodygi/włókna;D;Dodany;2025-04-08 00:11:50;Darek Osuch;;;;
01.19.21.0_106;0603 12 00;Kwiaty cięte i pąki kwiatowe na łodygi/włókna;D;Dodany;2025-04-08 00:11:50;Darek Osuch;;;;
01.19.21.0_106;0603 13 00;Kwiaty cięte i pąki kwiatowe na łodygi/włókna;D;Dodany;2025-04-08 00:11:50;Darek Osuch;;;;
01.19.21.0_106;0603 14 00;Kwiaty cięte i pąki kwiatowe na łodygi/włókna;D;Dodany;2025-04-08 00:11:50;Darek Osuch;;;;
01.19.21.0_106;0603 15 00;Kwiaty cięte i pąki kwiatowe na łodygi/włókna;D;Dodany;2025-04-08 00:11:50;Darek Osuch;;;;
01.19.21.0_106;0603 19 10;Kwiaty cięte i pąki kwiatowe na łodygi/włókna;D;Dodany;2025-04-08 00:11:50;Darek Osuch;;;;
01.19.21.0_106;0603 19 20;Kwiaty cięte i pąki kwiatowe na łodygi/włókna;D;Dodany;2025-04-08 00:11:50;Darek Osuch;;;;
01.19.21.0_106;0603 19 70;Kwiaty cięte i pąki kwiatowe na łodygi/włókna;D;Dodany;2025-04-08 00:11:50;Darek Osuch;;;;
01.19.21.0_106;0603 90 00;Kwiaty cięte i pąki kwiatowe na łodygi/włókna;D;Dodany;2025-04-08 00:11:50;Darek Osuch;;;;
01.19.31.0_106;1209 25 10;Nasiona roślin pastewnych, włączając nasiona buraków pastewnych na łodygi/włókna;D;Dodany;2025-04-08 00:11:50;Darek Osuch;;;;
01.19.31.0_106;1209 25 90;Nasiona roślin pastewnych, włączając nasiona buraków pastewnych na łodygi/włókna;D;Dodany;2025-04-08 00:11:50;Darek Osuch;;;;
01.19.31.0_105;1209 25 10;Nasiona roślin pastewnych, włączając nasiona buraków pastewnych na kłącza;D;Dodany;2025-04-08 00:11:50;Darek Osuch;;;;
01.19.31.0_105;1209 25 90;Nasiona roślin pastewnych, włączając nasiona buraków pastewnych na kłącza;D;Dodany;2025-04-08 00:11:50;Darek Osuch;;;;
01.19.39.0_103;1212 99 95;Pozostałe surowe produkty roślinne, gdzie indziej niesklasyfikowane na bulwy;D;Dodany;2025-04-08 00:11:50;Darek Osuch;;;;
01.19.39.0_105;1212 99 95;Pozostałe surowe produkty roślinne, gdzie indziej niesklasyfikowane na kłącza;D;Dodany;2025-04-08 00:11:50;Darek Osuch;;;;
01.21.11.0_101;0806 10 10;Winogrona stołowe na ziarno;D;Dodany;2025-04-08 00:11:50;Darek Osuch;;;;
01.21.11.0_112;0806 10 10;Winogrona stołowe na nawóz zielony;D;Dodany;2025-04-08 00:11:50;Darek Osuch;;;;
01.21.12.0_108;0806 10 90;Pozostałe winogrona świeże na zielonkę;D;Dodany;2025-04-08 00:11:50;Darek Osuch;;;;
01.21.12.0_103;0806 10 90;Pozostałe winogrona świeże na bulwy;D;Dodany;2025-04-08 00:11:50;Darek Osuch;;;;
01.22.11.0_111;0804 40 00;Awokado na nasiona/sadzonki;D;Dodany;2025-04-08 00:11:50;Darek Osuch;;;;
01.22.12.0_107;0803 10 10;Banany, plantany itp. na liście;D;Dodany;2025-04-08 00:11:50;Darek Osuch;;;;
01.22.12.0_107;0803 90 11;Banany, plantany itp. na liście;D;Dodany;2025-04-08 00:11:50;Darek Osuch;;;;
01.22.12.0_107;0803 90 19;Banany, plantany itp. na liście;D;Dodany;2025-04-08 00:11:50;Darek Osuch;;;;
01.22.12.0_105;0803 10 10;Banany, plantany itp. na kłącza;D;Dodany;2025-04-08 00:11:50;Darek Osuch;;;;
01.22.12.0_105;0803 90 11;Banany, plantany itp. na kłącza;D;Dodany;2025-04-08 00:11:50;Darek Osuch;;;;
01.22.12.0_105;0803 90 19;Banany, plantany itp. na kłącza;D;Dodany;2025-04-08 00:11:50;Darek Osuch;;;;
01.22.13.0_103;0804 10 00;Daktyle na bulwy;D;Dodany;2025-04-08 00:11:50;Darek Osuch;;;;
01.22.14.0_108;0804 20 10;"Figi na zielonkę";D;Dodany;2025-04-08 00:11:50;Darek Osuch;;;;
01.22.14.0_104;0804 20 10;"Figi na korzenie";D;Dodany;2025-04-08 00:11:50;Darek Osuch;;;;
01.22.19.0_102;0804 30 00;Pozostałe świeże owoce tropikalne i podzwrotnikowe na owoce;D;Dodany;2025-04-08 00:11:50;Darek Osuch;;;;
01.22.19.0_102;0804 50 00;Pozostałe świeże owoce tropikalne i podzwrotnikowe na owoce;D;Dodany;2025-04-08 00:11:50;Darek Osuch;;;;
01.22.19.0_102;0807 20 00;Pozostałe świeże owoce tropikalne i podzwrotnikowe na owoce;D;Dodany;2025-04-08 00:11:50;Darek Osuch;;;;
01.22.19.0_102;0810 60 00;Pozostałe świeże owoce tropikalne i podzwrotnikowe na owoce;D;Dodany;2025-04-08 00:11:50;Darek Osuch;;;;
01.22.19.0_102;0810 90 75;Pozostałe świeże owoce tropikalne i podzwrotnikowe na owoce;D;Dodany;2025-04-08 00:11:50;Darek Osuch;;;;
01.22.19.0_104;0804 30 00;Pozostałe świeże owoce tropikalne i podzwrotnikowe na korzenie;D;Dodany;2025-04-08 00:11:50;Darek Osuch;;;;
01.22.19.0_104;0804 50 00;Pozostałe świeże owoce tropikalne i podzwrotnikowe na korzenie;D;Dodany;2025-04-08 00:11:50;Darek Osuch;;;;
01.22.19.0_104;0807 20 00;Pozostałe świeże owoce tropikalne i podzwrotnikowe na korzenie;D;Dodany;2025-04-08 00:11:50;Darek Osuch;;;;
01.22.19.0_104;0810 60 00;Pozostałe świeże owoce tropikalne i podzwrotnikowe na korzenie;D;Dodany;2025-04-08 00:11:50;Darek Osuch;;;;
01.22.19.0_104;0810 90 75;Pozostałe świeże owoce tropikalne i podzwrotnikowe na korzenie;D;Dodany;2025-04-08 00:11:50;Darek Osuch;;;;
01.23.11.0_108;0805 40 00;Pomelo i grejpfruty na zielonkę;D;Dodany;2025-04-08 00:11:50;Darek Osuch;;;;
01.23.11.0_114;0805 40 00;Pomelo i grejpfruty na kwiaty;D;Dodany;2025-04-08 00:11:50;Darek Osuch;;;;
01.11.50.0_111;1213 00 00;słoma i plewy zbóż na nasiona/sadzonki;D;Dodany;2025-04-08 00:11:50;Darek Osuch;;;;
01.23.13.0_108;0805 10 22;Pomarańcze na zielonkę;D;Dodany;2025-04-08 00:11:50;Darek Osuch;;;;
01.23.13.0_108;0805 10 24;Pomarańcze na zielonkę;D;Dodany;2025-04-08 00:11:50;Darek Osuch;;;;
01.23.13.0_108;0805 10 28;Pomarańcze na zielonkę;D;Dodany;2025-04-08 00:11:50;Darek Osuch;;;;
01.23.13.0_108;0805 10 80;Pomarańcze na zielonkę;D;Dodany;2025-04-08 00:11:50;Darek Osuch;;;;
01.23.13.0_102;0805 10 22;Pomarańcze na owoce;D;Dodany;2025-04-08 00:11:50;Darek Osuch;;;;
01.23.13.0_102;0805 10 24;Pomarańcze na owoce;D;Dodany;2025-04-08 00:11:50;Darek Osuch;;;;
01.23.13.0_102;0805 10 28;Pomarańcze na owoce;D;Dodany;2025-04-08 00:11:50;Darek Osuch;;;;
01.23.13.0_102;0805 10 80;Pomarańcze na owoce;D;Dodany;2025-04-08 00:11:50;Darek Osuch;;;;
01.23.14.0_104;0805 21 10;Mandarynki, klementynki i tangeryny na korzenie;D;Dodany;2025-04-08 00:11:50;Darek Osuch;;;;
01.23.14.0_104;0805 21 90;Mandarynki, klementynki i tangeryny na korzenie;D;Dodany;2025-04-08 00:11:50;Darek Osuch;;;;
01.23.14.0_104;0805 22 00;Mandarynki, klementynki i tangeryny na korzenie;D;Dodany;2025-04-08 00:11:50;Darek Osuch;;;;
01.23.14.0_104;0805 29 00;Mandarynki, klementynki i tangeryny na korzenie;D;Dodany;2025-04-08 00:11:50;Darek Osuch;;;;
01.23.14.0_108;0805 21 10;Mandarynki, klementynki i tangeryny na zielonkę;D;Dodany;2025-04-08 00:11:50;Darek Osuch;;;;
01.23.14.0_108;0805 21 90;Mandarynki, klementynki i tangeryny na zielonkę;D;Dodany;2025-04-08 00:11:50;Darek Osuch;;;;
01.23.14.0_108;0805 22 00;Mandarynki, klementynki i tangeryny na zielonkę;D;Dodany;2025-04-08 00:11:50;Darek Osuch;;;;
01.23.14.0_108;0805 29 00;Mandarynki, klementynki i tangeryny na zielonkę;D;Dodany;2025-04-08 00:11:50;Darek Osuch;;;;
01.23.19.0_111;0805 90 00;Pozostałe świeże owoce cytrusowe na nasiona/sadzonki;D;Dodany;2025-04-08 00:11:50;Darek Osuch;;;;
01.24.10.0_106;0808 10 10;JABŁKA na łodygi/włókna;D;Dodany;2025-04-08 00:11:50;Darek Osuch;;;;
01.24.10.0_106;0808 10 80;JABŁKA na łodygi/włókna;D;Dodany;2025-04-08 00:11:50;Darek Osuch;;;;
01.24.10.0_103;0808 10 10;JABŁKA na bulwy;D;Dodany;2025-04-08 00:11:50;Darek Osuch;;;;
01.24.10.0_103;0808 10 80;JABŁKA na bulwy;D;Dodany;2025-04-08 00:11:50;Darek Osuch;;;;
01.24.21.0_103;0808 30 10;Gruszki na bulwy;D;Dodany;2025-04-08 00:11:50;Darek Osuch;;;;
01.24.21.0_103;0808 30 90;Gruszki na bulwy;D;Dodany;2025-04-08 00:11:50;Darek Osuch;;;;
01.24.22.0_112;0808 40 00;Pigwy na nawóz zielony;D;Dodany;2025-04-08 00:11:50;Darek Osuch;;;;
01.24.23.0_102;0809 10 00;Morele na owoce;D;Dodany;2025-04-08 00:11:50;Darek Osuch;;;;
01.24.24.0_111;0809 21 00;Wiśnie i czereśnie na nasiona/sadzonki;D;Dodany;2025-04-08 00:11:50;Darek Osuch;;;;
01.24.24.0_111;0809 29 00;Wiśnie i czereśnie na nasiona/sadzonki;D;Dodany;2025-04-08 00:11:50;Darek Osuch;;;;
01.24.24.0_102;0809 21 00;Wiśnie i czereśnie na owoce;D;Dodany;2025-04-08 00:11:50;Darek Osuch;;;;
01.24.24.0_102;0809 29 00;Wiśnie i czereśnie na owoce;D;Dodany;2025-04-08 00:11:50;Darek Osuch;;;;
01.24.25.0_103;0809 30 20;Brzoskwinie na bulwy;D;Dodany;2025-04-08 00:11:50;Darek Osuch;;;;
01.24.25.0_103;0809 30 80;Brzoskwinie na bulwy;D;Dodany;2025-04-08 00:11:50;Darek Osuch;;;;
01.24.26.0_112;0809 30 20;Nektaryny na nawóz zielony;D;Dodany;2025-04-08 00:11:50;Darek Osuch;;;;
01.24.26.0_112;0809 30 30;Nektaryny na nawóz zielony;D;Dodany;2025-04-08 00:11:50;Darek Osuch;;;;
01.24.27.0_111;0809 40 05;Śliwki na nasiona/sadzonki;D;Dodany;2025-04-08 00:11:50;Darek Osuch;;;;
01.24.28.0_114;0809 40 90;Owoce tarniny na kwiaty;D;Dodany;2025-04-08 00:11:50;Darek Osuch;;;;
01.24.29.0_101;0810 90 20;Pozostałe świeże owoce ziarnkowe i pestkowe, gdzie indziej niesklasyfikowane na ziarno;D;Dodany;2025-04-08 00:11:50;Darek Osuch;;;;
01.24.29.0_104;0810 90 20;Pozostałe świeże owoce ziarnkowe i pestkowe, gdzie indziej niesklasyfikowane na korzenie;D;Dodany;2025-04-08 00:11:50;Darek Osuch;;;;
01.25.19.0_107;0810 30 10;Pozostałe owoce jagodowe (np. porzeczki, agrest) i z rodzaju Vaccinium (np. żurawina, borówki czarne), świeże, gdzie indziej niesklasyfikowane na liście;D;Dodany;2025-04-08 00:11:50;Darek Osuch;;;;
01.25.19.0_107;0810 30 30;Pozostałe owoce jagodowe (np. porzeczki, agrest) i z rodzaju Vaccinium (np. żurawina, borówki czarne), świeże, gdzie indziej niesklasyfikowane na liście;D;Dodany;2025-04-08 00:11:50;Darek Osuch;;;;
01.25.19.0_107;0810 30 90;Pozostałe owoce jagodowe (np. porzeczki, agrest) i z rodzaju Vaccinium (np. żurawina, borówki czarne), świeże, gdzie indziej niesklasyfikowane na liście;D;Dodany;2025-04-08 00:11:50;Darek Osuch;;;;
01.25.19.0_107;0810 40 10;Pozostałe owoce jagodowe (np. porzeczki, agrest) i z rodzaju Vaccinium (np. żurawina, borówki czarne), świeże, gdzie indziej niesklasyfikowane na liście;D;Dodany;2025-04-08 00:11:50;Darek Osuch;;;;
01.25.19.0_107;0810 40 30;Pozostałe owoce jagodowe (np. porzeczki, agrest) i z rodzaju Vaccinium (np. żurawina, borówki czarne), świeże, gdzie indziej niesklasyfikowane na liście;D;Dodany;2025-04-08 00:11:50;Darek Osuch;;;;
01.25.19.0_107;0810 40 50;Pozostałe owoce jagodowe (np. porzeczki, agrest) i z rodzaju Vaccinium (np. żurawina, borówki czarne), świeże, gdzie indziej niesklasyfikowane na liście;D;Dodany;2025-04-08 00:11:50;Darek Osuch;;;;
01.25.19.0_107;0810 40 90;Pozostałe owoce jagodowe (np. porzeczki, agrest) i z rodzaju Vaccinium (np. żurawina, borówki czarne), świeże, gdzie indziej niesklasyfikowane na liście;D;Dodany;2025-04-08 00:11:50;Darek Osuch;;;;
01.25.31.0_106;0802 11 10;Migdały na łodygi/włókna;D;Dodany;2025-04-08 00:11:50;Darek Osuch;;;;
01.25.31.0_106;0802 11 90;Migdały na łodygi/włókna;D;Dodany;2025-04-08 00:11:50;Darek Osuch;;;;
01.25.32.0_109;0802 41 00;Kasztany jadalne na siano;D;Dodany;2025-04-08 00:11:50;Darek Osuch;;;;
01.25.32.0_106;0802 41 00;Kasztany jadalne na łodygi/włókna;D;Dodany;2025-04-08 00:11:50;Darek Osuch;;;;
01.25.33.0_103;0802 21 00;Orzechy laskowe na bulwy;D;Dodany;2025-04-08 00:11:50;Darek Osuch;;;;
01.25.34.0_107;0802 51 00;Pistacje na liście;D;Dodany;2025-04-08 00:11:50;Darek Osuch;;;;
01.25.34.0_106;0802 51 00;Pistacje na łodygi/włókna;D;Dodany;2025-04-08 00:11:50;Darek Osuch;;;;
01.25.35.0_108;0802 31 00;Orzechy włoskie na zielonkę;D;Dodany;2025-04-08 00:11:50;Darek Osuch;;;;
01.25.39.0_103;0801 21 00;Pozostałe orzechy w łupinach (z wyłączeniem jadalnych orzechów dziko rosnących, orzeszków ziemnych i orzechów kokosowych) na bulwy;D;Dodany;2025-04-08 00:11:50;Darek Osuch;;;;
01.25.39.0_103;0801 31 00;Pozostałe orzechy w łupinach (z wyłączeniem jadalnych orzechów dziko rosnących, orzeszków ziemnych i orzechów kokosowych) na bulwy;D;Dodany;2025-04-08 00:11:50;Darek Osuch;;;;
01.25.39.0_103;0802 61 00;Pozostałe orzechy w łupinach (z wyłączeniem jadalnych orzechów dziko rosnących, orzeszków ziemnych i orzechów kokosowych) na bulwy;D;Dodany;2025-04-08 00:11:50;Darek Osuch;;;;
01.25.39.0_103;0802 70 00;Pozostałe orzechy w łupinach (z wyłączeniem jadalnych orzechów dziko rosnących, orzeszków ziemnych i orzechów kokosowych) na bulwy;D;Dodany;2025-04-08 00:11:50;Darek Osuch;;;;
01.25.39.0_103;0802 80 00;Pozostałe orzechy w łupinach (z wyłączeniem jadalnych orzechów dziko rosnących, orzeszków ziemnych i orzechów kokosowych) na bulwy;D;Dodany;2025-04-08 00:11:50;Darek Osuch;;;;
01.25.39.0_103;0802 91 00;Pozostałe orzechy w łupinach (z wyłączeniem jadalnych orzechów dziko rosnących, orzeszków ziemnych i orzechów kokosowych) na bulwy;D;Dodany;2025-04-08 00:11:50;Darek Osuch;;;;
01.25.39.0_103;0802 99 10;Pozostałe orzechy w łupinach (z wyłączeniem jadalnych orzechów dziko rosnących, orzeszków ziemnych i orzechów kokosowych) na bulwy;D;Dodany;2025-04-08 00:11:50;Darek Osuch;;;;
01.25.39.0_103;0802 99 90;Pozostałe orzechy w łupinach (z wyłączeniem jadalnych orzechów dziko rosnących, orzeszków ziemnych i orzechów kokosowych) na bulwy;D;Dodany;2025-04-08 00:11:50;Darek Osuch;;;;
01.25.90.0_105;0810 70 00;POZOSTAŁE OWOCE, GDZIE INDZIEJ NIESKLASYFIKOWANE na kłącza;D;Dodany;2025-04-08 00:11:50;Darek Osuch;;;;
01.25.90.0_105;0810 90 75;POZOSTAŁE OWOCE, GDZIE INDZIEJ NIESKLASYFIKOWANE na kłącza;D;Dodany;2025-04-08 00:11:50;Darek Osuch;;;;
01.25.90.0_105;1212 92 00;POZOSTAŁE OWOCE, GDZIE INDZIEJ NIESKLASYFIKOWANE na kłącza;D;Dodany;2025-04-08 00:11:50;Darek Osuch;;;;
01.26.11.0_103;0709 92 10;Oliwki stołowe na bulwy;D;Dodany;2025-04-08 00:11:50;Darek Osuch;;;;
01.26.12.0_102;0709 92 90;Oliwki do produkcji oliwy na owoce;D;Dodany;2025-04-08 00:11:50;Darek Osuch;;;;
01.26.20.0_101;0801 11 00;ORZECHY KOKOSOWE na ziarno;D;Dodany;2025-04-08 00:11:50;Darek Osuch;;;;
01.26.20.0_101;0801 12 00;ORZECHY KOKOSOWE na ziarno;D;Dodany;2025-04-08 00:11:50;Darek Osuch;;;;
01.26.20.0_101;0801 19 00;ORZECHY KOKOSOWE na ziarno;D;Dodany;2025-04-08 00:11:50;Darek Osuch;;;;
01.26.20.0_109;0801 11 00;ORZECHY KOKOSOWE na siano;D;Dodany;2025-04-08 00:11:50;Darek Osuch;;;;
01.26.20.0_109;0801 12 00;ORZECHY KOKOSOWE na siano;D;Dodany;2025-04-08 00:11:50;Darek Osuch;;;;
01.26.20.0_109;0801 19 00;ORZECHY KOKOSOWE na siano;D;Dodany;2025-04-08 00:11:50;Darek Osuch;;;;
01.26.90.0_105;1203 00 00;POZOSTAŁE OWOCE OLEISTE, GDZIE INDZIEJ NIESKLASYFIKOWANE na kłącza;D;Dodany;2025-04-08 00:11:50;Darek Osuch;;;;
01.26.90.0_105;1207 99 96;POZOSTAŁE OWOCE OLEISTE, GDZIE INDZIEJ NIESKLASYFIKOWANE na kłącza;D;Dodany;2025-04-08 00:11:50;Darek Osuch;;;;
01.27.11.0_102;0901 11 00;Kawa niepalona na owoce;D;Dodany;2025-04-08 00:11:50;Darek Osuch;;;;
01.27.12.0_109;0902 20 00;Herbata na siano;D;Dodany;2025-04-08 00:11:50;Darek Osuch;;;;
01.27.12.0_109;0902 40 00;Herbata na siano;D;Dodany;2025-04-08 00:11:50;Darek Osuch;;;;
01.27.13.0_105;0903 00 00;Maté (herbata paragwajska) na kłącza;D;Dodany;2025-04-08 00:11:50;Darek Osuch;;;;
01.27.14.0_112;1801 00 00;Ziarna kakao na nawóz zielony;D;Dodany;2025-04-08 00:11:50;Darek Osuch;;;;
01.28.11.0_111;0904 11 00;Pieprz surowy z rodzaju Piper na nasiona/sadzonki;D;Dodany;2025-04-08 00:11:50;Darek Osuch;;;;
01.28.11.0_114;0904 11 00;Pieprz surowy z rodzaju Piper na kwiaty;D;Dodany;2025-04-08 00:11:50;Darek Osuch;;;;
01.11.50.0_114;1213 00 00;słoma i plewy zbóż na kwiaty;D;Dodany;2025-04-08 00:11:50;Darek Osuch;;;;
01.28.13.0_105;0908 11 00;Gałka muszkatołowa, kwiat muszkatołowy i kardamon, surowe na kłącza;D;Dodany;2025-04-08 00:11:50;Darek Osuch;;;;
01.28.13.0_105;0908 21 00;Gałka muszkatołowa, kwiat muszkatołowy i kardamon, surowe na kłącza;D;Dodany;2025-04-08 00:11:50;Darek Osuch;;;;
01.28.13.0_105;0908 31 00;Gałka muszkatołowa, kwiat muszkatołowy i kardamon, surowe na kłącza;D;Dodany;2025-04-08 00:11:50;Darek Osuch;;;;
01.28.15.0_101;0906 11 00;Cynamon surowy i kwiaty cynamonowca na ziarno;D;Dodany;2025-04-08 00:11:50;Darek Osuch;;;;
01.28.15.0_101;0906 19 00;Cynamon surowy i kwiaty cynamonowca na ziarno;D;Dodany;2025-04-08 00:11:50;Darek Osuch;;;;
01.28.15.0_112;0906 11 00;Cynamon surowy i kwiaty cynamonowca na nawóz zielony;D;Dodany;2025-04-08 00:11:50;Darek Osuch;;;;
01.28.15.0_112;0906 19 00;Cynamon surowy i kwiaty cynamonowca na nawóz zielony;D;Dodany;2025-04-08 00:11:50;Darek Osuch;;;;
01.28.16.0_109;0907 10 00;Goździki (całe owoce, kwiaty i szypułki) surowe na siano;D;Dodany;2025-04-08 00:11:50;Darek Osuch;;;;
01.28.16.0_114;0907 10 00;Goździki (całe owoce, kwiaty i szypułki) surowe na kwiaty;D;Dodany;2025-04-08 00:11:50;Darek Osuch;;;;
01.28.17.0_105;0910 11 00;Imbir surowy, suszony na kłącza;D;Dodany;2025-04-08 00:11:50;Darek Osuch;;;;
01.28.18.0_102;0905 10 00;Wanilia surowa na owoce;D;Dodany;2025-04-08 00:11:50;Darek Osuch;;;;
01.28.19.0_103;0904 21 90;Pozostałe nieprzetworzone rośliny przyprawowe i aromatyczne na bulwy;D;Dodany;2025-04-08 00:11:50;Darek Osuch;;;;
01.28.19.0_103;0910 20 10;Pozostałe nieprzetworzone rośliny przyprawowe i aromatyczne na bulwy;D;Dodany;2025-04-08 00:11:50;Darek Osuch;;;;
01.28.19.0_103;0910 30 00;Pozostałe nieprzetworzone rośliny przyprawowe i aromatyczne na bulwy;D;Dodany;2025-04-08 00:11:50;Darek Osuch;;;;
01.28.19.0_103;0910 91 05;Pozostałe nieprzetworzone rośliny przyprawowe i aromatyczne na bulwy;D;Dodany;2025-04-08 00:11:50;Darek Osuch;;;;
01.28.19.0_103;0910 91 10;Pozostałe nieprzetworzone rośliny przyprawowe i aromatyczne na bulwy;D;Dodany;2025-04-08 00:11:50;Darek Osuch;;;;
01.28.19.0_103;0910 99 31;Pozostałe nieprzetworzone rośliny przyprawowe i aromatyczne na bulwy;D;Dodany;2025-04-08 00:11:50;Darek Osuch;;;;
01.28.19.0_103;0910 99 33;Pozostałe nieprzetworzone rośliny przyprawowe i aromatyczne na bulwy;D;Dodany;2025-04-08 00:11:50;Darek Osuch;;;;
01.28.19.0_103;0910 99 50;Pozostałe nieprzetworzone rośliny przyprawowe i aromatyczne na bulwy;D;Dodany;2025-04-08 00:11:50;Darek Osuch;;;;
01.28.19.0_103;1212 94 00;Pozostałe nieprzetworzone rośliny przyprawowe i aromatyczne na bulwy;D;Dodany;2025-04-08 00:11:50;Darek Osuch;;;;
01.28.19.0_103;1212 99 95;Pozostałe nieprzetworzone rośliny przyprawowe i aromatyczne na bulwy;D;Dodany;2025-04-08 00:11:50;Darek Osuch;;;;
01.28.20.0_101;1210 10 00;Szyszki chmielowe na ziarno;D;Dodany;2025-04-08 00:11:50;Darek Osuch;;;;
01.28.20.0_101;1210 20 10;Szyszki chmielowe na ziarno;D;Dodany;2025-04-08 00:11:50;Darek Osuch;;;;
01.28.20.0_101;1210 20 90;Szyszki chmielowe na ziarno;D;Dodany;2025-04-08 00:11:50;Darek Osuch;;;;
01.28.20.0_105;1210 10 00;Szyszki chmielowe na kłącza;D;Dodany;2025-04-08 00:11:50;Darek Osuch;;;;
01.28.20.0_105;1210 20 10;Szyszki chmielowe na kłącza;D;Dodany;2025-04-08 00:11:50;Darek Osuch;;;;
01.28.20.0_105;1210 20 90;Szyszki chmielowe na kłącza;D;Dodany;2025-04-08 00:11:50;Darek Osuch;;;;
01.28.30.0_105;1211 20 00;Rośliny wykorzystywane głównie w przemyśle perfumeryjnym, farmacji lub dla celów owadobójczych, grzybobójczych i innych podobnych na kłącza;D;Dodany;2025-04-08 00:11:50;Darek Osuch;;;;
01.28.30.0_105;1211 30 00;Rośliny wykorzystywane głównie w przemyśle perfumeryjnym, farmacji lub dla celów owadobójczych, grzybobójczych i innych podobnych na kłącza;D;Dodany;2025-04-08 00:11:50;Darek Osuch;;;;
01.28.30.0_105;1211 40 00;Rośliny wykorzystywane głównie w przemyśle perfumeryjnym, farmacji lub dla celów owadobójczych, grzybobójczych i innych podobnych na kłącza;D;Dodany;2025-04-08 00:11:50;Darek Osuch;;;;
01.28.30.0_105;1211 60 00;Rośliny wykorzystywane głównie w przemyśle perfumeryjnym, farmacji lub dla celów owadobójczych, grzybobójczych i innych podobnych na kłącza;D;Dodany;2025-04-08 00:11:50;Darek Osuch;;;;
01.28.30.0_105;1211 90 30;Rośliny wykorzystywane głównie w przemyśle perfumeryjnym, farmacji lub dla celów owadobójczych, grzybobójczych i innych podobnych na kłącza;D;Dodany;2025-04-08 00:11:50;Darek Osuch;;;;
01.28.30.0_115;1211 20 00;Rośliny wykorzystywane głównie w przemyśle perfumeryjnym, farmacji lub dla celów owadobójczych, grzybobójczych i innych podobnych na strąki;D;Dodany;2025-04-08 00:11:50;Darek Osuch;;;;
01.28.30.0_115;1211 30 00;Rośliny wykorzystywane głównie w przemyśle perfumeryjnym, farmacji lub dla celów owadobójczych, grzybobójczych i innych podobnych na strąki;D;Dodany;2025-04-08 00:11:50;Darek Osuch;;;;
01.28.30.0_115;1211 40 00;Rośliny wykorzystywane głównie w przemyśle perfumeryjnym, farmacji lub dla celów owadobójczych, grzybobójczych i innych podobnych na strąki;D;Dodany;2025-04-08 00:11:50;Darek Osuch;;;;
01.28.30.0_115;1211 60 00;Rośliny wykorzystywane głównie w przemyśle perfumeryjnym, farmacji lub dla celów owadobójczych, grzybobójczych i innych podobnych na strąki;D;Dodany;2025-04-08 00:11:50;Darek Osuch;;;;
01.28.30.0_115;1211 90 30;Rośliny wykorzystywane głównie w przemyśle perfumeryjnym, farmacji lub dla celów owadobójczych, grzybobójczych i innych podobnych na strąki;D;Dodany;2025-04-08 00:11:50;Darek Osuch;;;;
01.29.20.0_104;0604 20 20;Choinki świąteczne cięte na korzenie;D;Dodany;2025-04-08 00:11:50;Darek Osuch;;;;
01.29.30.0_111;1401 10 00;Materiały roślinne w rodzaju stosowanych głównie do wyplatania, wyściełania, wypychania lub w farbowaniu lub garbowaniu na nasiona/sadzonki;D;Dodany;2025-04-08 00:11:50;Darek Osuch;;;;
01.29.30.0_111;1401 20 00;Materiały roślinne w rodzaju stosowanych głównie do wyplatania, wyściełania, wypychania lub w farbowaniu lub garbowaniu na nasiona/sadzonki;D;Dodany;2025-04-08 00:11:50;Darek Osuch;;;;
01.29.30.0_111;1401 90 00;Materiały roślinne w rodzaju stosowanych głównie do wyplatania, wyściełania, wypychania lub w farbowaniu lub garbowaniu na nasiona/sadzonki;D;Dodany;2025-04-08 00:11:50;Darek Osuch;;;;
01.29.30.0_111;1404 90 00;Materiały roślinne w rodzaju stosowanych głównie do wyplatania, wyściełania, wypychania lub w farbowaniu lub garbowaniu na nasiona/sadzonki;D;Dodany;2025-04-08 00:11:50;Darek Osuch;;;;
01.29.30.0_112;1401 10 00;Materiały roślinne w rodzaju stosowanych głównie do wyplatania, wyściełania, wypychania lub w farbowaniu lub garbowaniu na nawóz zielony;D;Dodany;2025-04-08 00:11:50;Darek Osuch;;;;
01.29.30.0_112;1401 20 00;Materiały roślinne w rodzaju stosowanych głównie do wyplatania, wyściełania, wypychania lub w farbowaniu lub garbowaniu na nawóz zielony;D;Dodany;2025-04-08 00:11:50;Darek Osuch;;;;
01.29.30.0_112;1401 90 00;Materiały roślinne w rodzaju stosowanych głównie do wyplatania, wyściełania, wypychania lub w farbowaniu lub garbowaniu na nawóz zielony;D;Dodany;2025-04-08 00:11:50;Darek Osuch;;;;
01.29.30.0_112;1404 90 00;Materiały roślinne w rodzaju stosowanych głównie do wyplatania, wyściełania, wypychania lub w farbowaniu lub garbowaniu na nawóz zielony;D;Dodany;2025-04-08 00:11:50;Darek Osuch;;;;
